Kraftwerk,Daft Punk,Tangerine Dream,The Chemical Brothers,DJ Shadow,Aphex Twin,Roni Size,Underworld,Vangelis,Moby,The Prodigy,Goldie,Orbital,Skrillex,Deadmau5,Nur Jaber,DJ Rachael,Deena Abdelwahed,Loraine James,Ibaaku,Lafidki,Upgrayedd Smurphy,Sandunes,Kerano,Kamila Govorčin,Echo Deep,Faded Ghost,AYN,Amine K,Dj Rashad
I know them/her/him,I know them/her/him,I know them/her/him,I know them/her/him,I don't know them/her/him,Maybe I know them/her/him,I don't know them/her/him,I don't know them/her/him,I don't know them/her/him,I know them/her/him,I know them/her/him,I know them/her/him,I know them/her/him,I know them/her/him,I know them/her/him,I don't know them/her/him,I don't know them/her/him,I don't know them/her/him,I don't know them/her/him,I don't know them/her/him,I don't know them/her/him,Maybe I know them/her/him,I don't know them/her/him,I don't know them/her/him,I don't know them/her/him,I don't know them/her/him,I don't know them/her/him,I don't know them/her/him,I don't know them/her/him,I don't know them/her/him
I know them/her/him,I know them/her/him,I know them/her/him,I know them/her/him,I don't know them/her/him,I know them/her/him,I don't know them/her/him,I know them/her/him,I know them/her/him,I know them/her/him,I know them/her/him,I know them/her/him,I know them/her/him,I know them/her/him,I know them/her/him,Maybe I know them/her/him,I don't know them/her/him,I know them/her/him,I don't know them/her/him,Maybe I know them/her/him,Maybe I know them/her/him,I don't know them/her/him,I don't know them/her/him,Maybe I know them/her/him,Maybe I know them/her/him,I don't know them/her/him,I don't know them/her/him,I don't know them/her/him,I don't know them/her/him,I don't know them/her/him
I know them/her/him,I know them/her/him,Maybe I know them/her/him,I know them/her/him,I know them/her/him,I know them/her/him,I know them/her/him,I know them/her/him,I don't know them/her/him,I know them/her/him,I know them/her/him,I know them/her/him,I know them/her/him,I know them/her/him,I know them/her/him,I don't know them/her/him,Maybe I know them/her/him,I don't know them/her/him,I don't know them/her/him,I don't know them/her/him,I don't know them/her/him,I don't know them/her/him,Maybe I know them/her/him,Maybe I know them/her/him,I don't know them/her/him,I don't know them/her/him,I don't know them/her/him,I don't know them/her/him,I don't know them/her/him,I don't know them/her/him
I know them/her/him,I know them/her/him,I know them/her/him,I know them/her/him,I know them/her/him,I know them/her/him,I know them/her/him,I know them/her/him,I know them/her/him,I know them/her/him,I know them/her/him,I know them/her/him,I know them/her/him,I know them/her/him,I know them/her/him,I don't know them/her/him,I don't know them/her/him,I don't know them/her/him,I don't know them/her/him,I don't know them/her/him,I don't know them/her/him,I don't know them/her/him,I don't know them/her/him,I don't know them/her/him,I don't know them/her/him,I don't know them/her/him,I don't know them/her/him,I don't know them/her/him,I don't know them/her/him,I don't know them/her/him
I know them/her/him,I know them/her/him,I don't know them/her/him,I know them/her/him,Maybe I know them/her/him,I know them/her/him,I don't know them/her/him,I don't know them/her/him,I don't know them/her/him,I know them/her/him,I know them/her/him,Maybe I know them/her/him,I don't know them/her/him,I know them/her/him,I know them/her/him,Maybe I know them/her/him,I don't know them/her/him,I don't know them/her/him,I don't know them/her/him,I don't know them/her/him,I don't know them/her/him,I don't know them/her/him,I don't know them/her/him,I don't know them/her/him,I don't know them/her/him,I don't know them/her/him,I don't know them/her/him,I don't know them/her/him,I don't know them/her/him,I know them/her/him
I know them/her/him,I know them/her/him,I don't know them/her/him,I know them/her/him,Maybe I know them/her/him,I know them/her/him,I don't know them/her/him,I know them/her/him,I know them/her/him,I know them/her/him,I know them/her/him,I know them/her/him,I know them/her/him,I know them/her/him,I know them/her/him,I don't know them/her/him,I don't know them/her/him,I don't know them/her/him,I don't know them/her/him,I don't know them/her/him,I don't know them/her/him,I don't know them/her/him,I don't know them/her/him,I don't know them/her/him,I don't know them/her/him,I don't know them/her/him,I don't know them/her/him,I don't know them/her/him,I don't know them/her/him,I don't know them/her/him
I know them/her/him,I know them/her/him,I know them/her/him,I know them/her/him,I know them/her/him,I know them/her/him,I know them/her/him,I know them/her/him,I know them/her/him,I know them/her/him,I know them/her/him,Maybe I know them/her/him,I don't know them/her/him,I know them/her/him,I know them/her/him,Maybe I know them/her/him,I don't know them/her/him,I don't know them/her/him,I don't know them/her/him,I don't know them/her/him,I don't know them/her/him,I don't know them/her/him,I don't know them/her/him,I don't know them/her/him,I don't know them/her/him,I don't know them/her/him,I don't know them/her/him,I don't know them/her/him,Maybe I know them/her/him,Maybe I know them/her/him
I know them/her/him,I know them/her/him,I know them/her/him,I know them/her/him,I don't know them/her/him,I know them/her/him,I don't know them/her/him,I don't know them/her/him,I know them/her/him,I know them/her/him,I know them/her/him,I don't know them/her/him,I don't know them/her/him,I know them/her/him,I don't know them/her/him,I don't know them/her/him,I don't know them/her/him,I don't know them/her/him,I don't know them/her/him,I don't know them/her/him,I don't know them/her/him,I don't know them/her/him,I don't know them/her/him,I don't know them/her/him,I don't know them/her/him,I don't know them/her/him,I don't know them/her/him,I don't know them/her/him,I don't know them/her/him,I don't know them/her/him
I know them/her/him,I know them/her/him,I know them/her/him,I know them/her/him,I know them/her/him,I know them/her/him,I don't know them/her/him,I know them/her/him,I know them/her/him,I know them/her/him,I know them/her/him,I know them/her/him,I know them/her/him,I know them/her/him,I know them/her/him,I don't know them/her/him,I don't know them/her/him,I don't know them/her/him,I don't know them/her/him,Maybe I know them/her/him,I don't know them/her/him,I don't know them/her/him,Maybe I know them/her/him,I don't know them/her/him,I don't know them/her/him,I don't know them/her/him,I don't know them/her/him,I don't know them/her/him,I don't know them/her/him,I don't know them/her/him
I know them/her/him,I know them/her/him,I know them/her/him,I know them/her/him,I don't know them/her/him,I know them/her/him,I don't know them/her/him,I don't know them/her/him,I know them/her/him,I know them/her/him,I know them/her/him,I don't know them/her/him,I don't know them/her/him,I know them/her/him,I know them/her/him,I don't know them/her/him,I don't know them/her/him,I don't know them/her/him,I don't know them/her/him,I don't know them/her/him,I don't know them/her/him,I don't know them/her/him,I don't know them/her/him,I don't know them/her/him,I don't know them/her/him,I don't know them/her/him,I don't know them/her/him,I don't know them/her/him,I don't know them/her/him,I don't know them/her/him
I know them/her/him,I know them/her/him,Maybe I know them/her/him,I know them/her/him,I know them/her/him,I know them/her/him,I know them/her/him,I don't know them/her/him,I don't know them/her/him,I know them/her/him,I know them/her/him,I know them/her/him,I don't know them/her/him,I know them/her/him,I know them/her/him,I don't know them/her/him,I don't know them/her/him,I don't know them/her/him,I don't know them/her/him,I don't know them/her/him,I don't know them/her/him,I don't know them/her/him,Maybe I know them/her/him,I don't know them/her/him,I don't know them/her/him,I don't know them/her/him,Maybe I know them/her/him,I don't know them/her/him,I don't know them/her/him,I don't know them/her/him
Maybe I know them/her/him,I know them/her/him,I know them/her/him,Maybe I know them/her/him,I know them/her/him,I know them/her/him,I don't know them/her/him,I don't know them/her/him,I know them/her/him,I know them/her/him,I know them/her/him,I don't know them/her/him,I don't know them/her/him,I know them/her/him,I know them/her/him,I don't know them/her/him,I don't know them/her/him,I don't know them/her/him,I don't know them/her/him,I don't know them/her/him,I don't know them/her/him,I don't know them/her/him,I don't know them/her/him,I don't know them/her/him,I don't know them/her/him,I don't know them/her/him,I don't know them/her/him,I don't know them/her/him,I don't know them/her/him,Maybe I know them/her/him
I know them/her/him,I know them/her/him,I don't know them/her/him,I know them/her/him,I know them/her/him,I know them/her/him,I don't know them/her/him,Maybe I know them/her/him,I don't know them/her/him,I know them/her/him,I know them/her/him,I don't know them/her/him,Maybe I know them/her/him,I know them/her/him,I know them/her/him,I don't know them/her/him,I don't know them/her/him,I don't know them/her/him,I don't know them/her/him,I don't know them/her/him,I don't know them/her/him,I don't know them/her/him,I don't know them/her/him,I don't know them/her/him,I don't know them/her/him,I don't know them/her/him,I don't know them/her/him,I don't know them/her/him,I don't know them/her/him,I don't know them/her/him
I don't know them/her/him,I know them/her/him,I don't know them/her/him,I know them/her/him,I don't know them/her/him,I know them/her/him,I don't know them/her/him,Maybe I know them/her/him,I know them/her/him,I know them/her/him,I know them/her/him,I don't know them/her/him,I don't know them/her/him,I know them/her/him,I don't know them/her/him,I don't know them/her/him,I don't know them/her/him,I don't know them/her/him,I know them/her/him,I don't know them/her/him,I don't know them/her/him,I don't know them/her/him,I don't know them/her/him,I don't know them/her/him,I don't know them/her/him,Maybe I know them/her/him,I don't know them/her/him,I don't know them/her/him,I don't know them/her/him,I don't know them/her/him
I know them/her/him,I know them/her/him,I don't know them/her/him,I know them/her/him,I know them/her/him,I know them/her/him,I don't know them/her/him,I know them/her/him,I don't know them/her/him,I know them/her/him,I know them/her/him,I don't know them/her/him,I don't know them/her/him,I know them/her/him,I know them/her/him,I don't know them/her/him,I don't know them/her/him,I don't know them/her/him,I don't know them/her/him,I don't know them/her/him,I don't know them/her/him,I don't know them/her/him,I don't know them/her/him,I don't know them/her/him,I don't know them/her/him,I don't know them/her/him,I don't know them/her/him,I don't know them/her/him,I don't know them/her/him,I don't know them/her/him
I know them/her/him,I know them/her/him,I know them/her/him,I know them/her/him,I know them/her/him,I know them/her/him,I know them/her/him,I don't know them/her/him,I know them/her/him,I know them/her/him,I know them/her/him,I know them/her/him,I know them/her/him,I know them/her/him,I know them/her/him,Maybe I know them/her/him,I don't know them/her/him,I don't know them/her/him,Maybe I know them/her/him,I don't know them/her/him,I don't know them/her/him,I don't know them/her/him,I don't know them/her/him,I don't know them/her/him,I don't know them/her/him,I don't know them/her/him,I don't know them/her/him,I don't know them/her/him,I don't know them/her/him,I know them/her/him
Maybe I know them/her/him,I know them/her/him,I don't know them/her/him,I know them/her/him,I know them/her/him,I know them/her/him,I know them/her/him,I know them/her/him,I don't know them/her/him,I know them/her/him,I know them/her/him,I don't know them/her/him,I know them/her/him,I don't know them/her/him,Maybe I know them/her/him,I don't know them/her/him,I don't know them/her/him,I don't know them/her/him,I don't know them/her/him,I don't know them/her/him,I don't know them/her/him,I don't know them/her/him,I don't know them/her/him,I don't know them/her/him,I don't know them/her/him,Maybe I know them/her/him,I don't know them/her/him,I don't know them/her/him,I don't know them/her/him,Maybe I know them/her/him
I know them/her/him,I know them/her/him,Maybe I know them/her/him,I know them/her/him,I don't know them/her/him,I know them/her/him,I don't know them/her/him,I know them/her/him,I know them/her/him,I know them/her/him,I know them/her/him,I don't know them/her/him,I know them/her/him,Maybe I know them/her/him,I know them/her/him,I don't know them/her/him,I don't know them/her/him,I don't know them/her/him,I don't know them/her/him,I don't know them/her/him,I don't know them/her/him,I don't know them/her/him,I don't know them/her/him,I don't know them/her/him,I don't know them/her/him,I don't know them/her/him,I don't know them/her/him,I don't know them/her/him,I don't know them/her/him,I don't know them/her/him
I know them/her/him,I know them/her/him,I know them/her/him,I know them/her/him,I know them/her/him,I know them/her/him,I know them/her/him,I know them/her/him,I know them/her/him,I know them/her/him,I know them/her/him,I know them/her/him,I know them/her/him,I know them/her/him,I know them/her/him,I don't know them/her/him,I don't know them/her/him,I don't know them/her/him,I don't know them/her/him,I don't know them/her/him,I don't know them/her/him,I don't know them/her/him,I don't know them/her/him,I don't know them/her/him,I don't know them/her/him,I don't know them/her/him,I don't know them/her/him,I don't know them/her/him,I don't know them/her/him,I don't know them/her/him
I know them/her/him,I know them/her/him,I don't know them/her/him,I don't know them/her/him,I don't know them/her/him,I don't know them/her/him,I don't know them/her/him,I don't know them/her/him,I know them/her/him,I don't know them/her/him,I don't know them/her/him,I don't know them/her/him,I don't know them/her/him,I don't know them/her/him,I don't know them/her/him,I don't know them/her/him,I don't know them/her/him,I don't know them/her/him,I don't know them/her/him,I don't know them/her/him,I don't know them/her/him,I don't know them/her/him,I don't know them/her/him,I don't know them/her/him,I don't know them/her/him,I don't know them/her/him,I don't know them/her/him,I don't know them/her/him,I don't know them/her/him,I don't know them/her/him
I know them/her/him,I know them/her/him,I don't know them/her/him,I know them/her/him,I know them/her/him,I know them/her/him,I don't know them/her/him,I know them/her/him,I don't know them/her/him,Maybe I know them/her/him,I know them/her/him,I don't know them/her/him,I know them/her/him,I know them/her/him,I know them/her/him,I don't know them/her/him,I don't know them/her/him,Maybe I know them/her/him,I know them/her/him,I don't know them/her/him,I don't know them/her/him,Maybe I know them/her/him,I don't know them/her/him,Maybe I know them/her/him,I don't know them/her/him,I know them/her/him,Maybe I know them/her/him,I don't know them/her/him,I don't know them/her/him,I don't know them/her/him
I know them/her/him,I know them/her/him,Maybe I know them/her/him,Maybe I know them/her/him,Maybe I know them/her/him,I know them/her/him,Maybe I know them/her/him,Maybe I know them/her/him,I don't know them/her/him,Maybe I know them/her/him,I know them/her/him,I don't know them/her/him,I don't know them/her/him,I know them/her/him,I know them/her/him,I don't know them/her/him,I don't know them/her/him,I don't know them/her/him,I don't know them/her/him,I don't know them/her/him,I don't know them/her/him,I don't know them/her/him,I don't know them/her/him,Maybe I know them/her/him,I don't know them/her/him,Maybe I know them/her/him,I don't know them/her/him,I don't know them/her/him,I don't know them/her/him,I don't know them/her/him
I know them/her/him,I know them/her/him,I know them/her/him,I know them/her/him,I know them/her/him,I know them/her/him,Maybe I know them/her/him,I know them/her/him,I know them/her/him,I know them/her/him,I know them/her/him,I know them/her/him,I know them/her/him,I know them/her/him,I know them/her/him,Maybe I know them/her/him,I don't know them/her/him,I don't know them/her/him,I know them/her/him,I don't know them/her/him,I don't know them/her/him,I don't know them/her/him,Maybe I know them/her/him,I don't know them/her/him,I don't know them/her/him,Maybe I know them/her/him,I don't know them/her/him,I don't know them/her/him,I don't know them/her/him,Maybe I know them/her/him
I know them/her/him,I know them/her/him,Maybe I know them/her/him,I know them/her/him,I know them/her/him,I know them/her/him,I don't know them/her/him,Maybe I know them/her/him,I know them/her/him,I know them/her/him,I know them/her/him,I don't know them/her/him,Maybe I know them/her/him,I don't know them/her/him,I don't know them/her/him,I don't know them/her/him,I don't know them/her/him,I don't know them/her/him,I don't know them/her/him,I don't know them/her/him,I don't know them/her/him,I don't know them/her/him,I don't know them/her/him,I don't know them/her/him,I don't know them/her/him,I don't know them/her/him,I don't know them/her/him,I don't know them/her/him,I don't know them/her/him,I don't know them/her/him
Los/la/lo conozco,Los/la/lo conozco,Los/la/lo conozco,Los/la/lo conozco,Los/la/lo conozco,Los/la/lo conozco,Los/la/lo conozco,Los/la/lo conozco,Los/la/lo conozco,Los/la/lo conozco,Los/la/lo conozco,Los/la/lo conozco,Los/la/lo conozco,No los/la/lo conozco,Quizás los/la/lo conozco,No los/la/lo conozco,No los/la/lo conozco,No los/la/lo conozco,No los/la/lo conozco,No los/la/lo conozco,No los/la/lo conozco,No los/la/lo conozco,No los/la/lo conozco,No los/la/lo conozco,No los/la/lo conozco,Quizás los/la/lo conozco,No los/la/lo conozco,No los/la/lo conozco,No los/la/lo conozco,Los/la/lo conozco
Los/la/lo conozco,Los/la/lo conozco,Los/la/lo conozco,Los/la/lo conozco,Los/la/lo conozco,Los/la/lo conozco,Los/la/lo conozco,Los/la/lo conozco,Los/la/lo conozco,Los/la/lo conozco,Los/la/lo conozco,Quizás los/la/lo conozco,Los/la/lo conozco,Los/la/lo conozco,Los/la/lo conozco,Los/la/lo conozco,No los/la/lo conozco,Los/la/lo conozco,No los/la/lo conozco,No los/la/lo conozco,Quizás los/la/lo conozco,No los/la/lo conozco,Quizás los/la/lo conozco,No los/la/lo conozco,No los/la/lo conozco,No los/la/lo conozco,No los/la/lo conozco,No los/la/lo conozco,Los/la/lo conozco,No los/la/lo conozco
No los/la/lo conozco,Los/la/lo conozco,Los/la/lo conozco,Los/la/lo conozco,Quizás los/la/lo conozco,Quizás los/la/lo conozco,No los/la/lo conozco,Quizás los/la/lo conozco,Quizás los/la/lo conozco,Los/la/lo conozco,Los/la/lo conozco,Los/la/lo conozco,No los/la/lo conozco,Los/la/lo conozco,No los/la/lo conozco,No los/la/lo conozco,No los/la/lo conozco,No los/la/lo conozco,No los/la/lo conozco,No los/la/lo conozco,No los/la/lo conozco,No los/la/lo conozco,No los/la/lo conozco,No los/la/lo conozco,No los/la/lo conozco,No los/la/lo conozco,No los/la/lo conozco,No los/la/lo conozco,No los/la/lo conozco,No los/la/lo conozco
Los/la/lo conozco,Los/la/lo conozco,Los/la/lo conozco,Los/la/lo conozco,Los/la/lo conozco,Los/la/lo conozco,No los/la/lo conozco,Los/la/lo conozco,Los/la/lo conozco,Los/la/lo conozco,Los/la/lo conozco,Los/la/lo conozco,No los/la/lo conozco,Los/la/lo conozco,Los/la/lo conozco,Los/la/lo conozco,No los/la/lo conozco,No los/la/lo conozco,No los/la/lo conozco,No los/la/lo conozco,No los/la/lo conozco,No los/la/lo conozco,No los/la/lo conozco,No los/la/lo conozco,No los/la/lo conozco,No los/la/lo conozco,No los/la/lo conozco,No los/la/lo conozco,No los/la/lo conozco,No los/la/lo conozco
No los/la/lo conozco,Los/la/lo conozco,Quizás los/la/lo conozco,Los/la/lo conozco,No los/la/lo conozco,No los/la/lo conozco,No los/la/lo conozco,Los/la/lo conozco,No los/la/lo conozco,Los/la/lo conozco,Los/la/lo conozco,No los/la/lo conozco,No los/la/lo conozco,No los/la/lo conozco,No los/la/lo conozco,No los/la/lo conozco,No los/la/lo conozco,No los/la/lo conozco,No los/la/lo conozco,No los/la/lo conozco,No los/la/lo conozco,No los/la/lo conozco,No los/la/lo conozco,No los/la/lo conozco,No los/la/lo conozco,No los/la/lo conozco,No los/la/lo conozco,No los/la/lo conozco,No los/la/lo conozco,No los/la/lo conozco
Los/la/lo conozco,Los/la/lo conozco,Los/la/lo conozco,Los/la/lo conozco,Los/la/lo conozco,Los/la/lo conozco,Quizás los/la/lo conozco,Los/la/lo conozco,Los/la/lo conozco,Los/la/lo conozco,Los/la/lo conozco,Los/la/lo conozco,Los/la/lo conozco,Los/la/lo conozco,Los/la/lo conozco,No los/la/lo conozco,No los/la/lo conozco,No los/la/lo conozco,No los/la/lo conozco,No los/la/lo conozco,Quizás los/la/lo conozco,No los/la/lo conozco,Los/la/lo conozco,No los/la/lo conozco,No los/la/lo conozco,Quizás los/la/lo conozco,No los/la/lo conozco,No los/la/lo conozco,No los/la/lo conozco,Los/la/lo conozco
Los/la/lo conozco,Los/la/lo conozco,No los/la/lo conozco,Los/la/lo conozco,Quizás los/la/lo conozco,Quizás los/la/lo conozco,No los/la/lo conozco,Quizás los/la/lo conozco,No los/la/lo conozco,Los/la/lo conozco,Los/la/lo conozco,No los/la/lo conozco,No los/la/lo conozco,Los/la/lo conozco,Los/la/lo conozco,No los/la/lo conozco,No los/la/lo conozco,No los/la/lo conozco,No los/la/lo conozco,No los/la/lo conozco,No los/la/lo conozco,No los/la/lo conozco,No los/la/lo conozco,No los/la/lo conozco,No los/la/lo conozco,No los/la/lo conozco,No los/la/lo conozco,No los/la/lo conozco,Quizás los/la/lo conozco,No los/la/lo conozco
Los/la/lo conozco,Los/la/lo conozco,Los/la/lo conozco,Los/la/lo conozco,Los/la/lo conozco,Los/la/lo conozco,No los/la/lo conozco,Los/la/lo conozco,Los/la/lo conozco,Los/la/lo conozco,Los/la/lo conozco,No los/la/lo conozco,Los/la/lo conozco,Los/la/lo conozco,Los/la/lo conozco,No los/la/lo conozco,No los/la/lo conozco,No los/la/lo conozco,No los/la/lo conozco,No los/la/lo conozco,No los/la/lo conozco,No los/la/lo conozco,No los/la/lo conozco,No los/la/lo conozco,No los/la/lo conozco,Los/la/lo conozco,No los/la/lo conozco,Los/la/lo conozco,No los/la/lo conozco,Los/la/lo conozco
Non li/la/lo conosco,Li/la/lo conosco,Non li/la/lo conosco,Li/la/lo conosco,Non li/la/lo conosco,Non li/la/lo conosco,Non li/la/lo conosco,Non li/la/lo conosco,Non li/la/lo conosco,Forse li/la/lo conosco,Li/la/lo conosco,Non li/la/lo conosco,Non li/la/lo conosco,Li/la/lo conosco,Non li/la/lo conosco,Non li/la/lo conosco,Non li/la/lo conosco,Non li/la/lo conosco,Non li/la/lo conosco,Non li/la/lo conosco,Non li/la/lo conosco,Non li/la/lo conosco,Non li/la/lo conosco,Non li/la/lo conosco,Non li/la/lo conosco,Non li/la/lo conosco,Non li/la/lo conosco,Non li/la/lo conosco,Non li/la/lo conosco,Non li/la/lo conosco
Li/la/lo conosco,Li/la/lo conosco,Li/la/lo conosco,Non li/la/lo conosco,Non li/la/lo conosco,Li/la/lo conosco,Non li/la/lo conosco,Non li/la/lo conosco,Li/la/lo conosco,Non li/la/lo conosco,Non li/la/lo conosco,Non li/la/lo conosco,Non li/la/lo conosco,Non li/la/lo conosco,Non li/la/lo conosco,Non li/la/lo conosco,Non li/la/lo conosco,Non li/la/lo conosco,Non li/la/lo conosco,Non li/la/lo conosco,Non li/la/lo conosco,Non li/la/lo conosco,Non li/la/lo conosco,Non li/la/lo conosco,Non li/la/lo conosco,Non li/la/lo conosco,Non li/la/lo conosco,Non li/la/lo conosco,Non li/la/lo conosco,Non li/la/lo conosco
Li/la/lo conosco,Li/la/lo conosco,Li/la/lo conosco,Li/la/lo conosco,Li/la/lo conosco,Li/la/lo conosco,Li/la/lo conosco,Li/la/lo conosco,Li/la/lo conosco,Li/la/lo conosco,Li/la/lo conosco,Li/la/lo conosco,Li/la/lo conosco,Li/la/lo conosco,Li/la/lo conosco,Non li/la/lo conosco,Non li/la/lo conosco,Non li/la/lo conosco,Li/la/lo conosco,Non li/la/lo conosco,Non li/la/lo conosco,Non li/la/lo conosco,Non li/la/lo conosco,Non li/la/lo conosco,Non li/la/lo conosco,Non li/la/lo conosco,Non li/la/lo conosco,Non li/la/lo conosco,Non li/la/lo conosco,Li/la/lo conosco
Li/la/lo conosco,Li/la/lo conosco,Li/la/lo conosco,Li/la/lo conosco,Forse li/la/lo conosco,Li/la/lo conosco,Li/la/lo conosco,Li/la/lo conosco,Li/la/lo conosco,Li/la/lo conosco,Li/la/lo conosco,Li/la/lo conosco,Li/la/lo conosco,Li/la/lo conosco,Li/la/lo conosco,Forse li/la/lo conosco,Forse li/la/lo conosco,Non li/la/lo conosco,Forse li/la/lo conosco,Non li/la/lo conosco,Forse li/la/lo conosco,Non li/la/lo conosco,Non li/la/lo conosco,Non li/la/lo conosco,Forse li/la/lo conosco,Li/la/lo conosco,Li/la/lo conosco,Forse li/la/lo conosco,Forse li/la/lo conosco,Forse li/la/lo conosco
I know them/her/him,I know them/her/him,Maybe I know them/her/him,I know them/her/him,I don't know them/her/him,I know them/her/him,I don't know them/her/him,I don't know them/her/him,I know them/her/him,I know them/her/him,I know them/her/him,Maybe I know them/her/him,I know them/her/him,I know them/her/him,I know them/her/him,Maybe I know them/her/him,Maybe I know them/her/him,I don't know them/her/him,I don't know them/her/him,Maybe I know them/her/him,Maybe I know them/her/him,Maybe I know them/her/him,I don't know them/her/him,Maybe I know them/her/him,I don't know them/her/him,I don't know them/her/him,I don't know them/her/him,I don't know them/her/him,I don't know them/her/him,I don't know them/her/him
I know them/her/him,I know them/her/him,I know them/her/him,I know them/her/him,I know them/her/him,I know them/her/him,I know them/her/him,I know them/her/him,Maybe I know them/her/him,I know them/her/him,I know them/her/him,I know them/her/him,I know them/her/him,I know them/her/him,I know them/her/him,I don't know them/her/him,I don't know them/her/him,I don't know them/her/him,I don't know them/her/him,I don't know them/her/him,I don't know them/her/him,I don't know them/her/him,I don't know them/her/him,I don't know them/her/him,I don't know them/her/him,I don't know them/her/him,I don't know them/her/him,I don't know them/her/him,I don't know them/her/him,I don't know them/her/him
I know them/her/him,I know them/her/him,I know them/her/him,I know them/her/him,I know them/her/him,I know them/her/him,I know them/her/him,I know them/her/him,I know them/her/him,I know them/her/him,I know them/her/him,I know them/her/him,I know them/her/him,I know them/her/him,I know them/her/him,I know them/her/him,I know them/her/him,I don't know them/her/him,I don't know them/her/him,I don't know them/her/him,I don't know them/her/him,I don't know them/her/him,I know them/her/him,I don't know them/her/him,I don't know them/her/him,I don't know them/her/him,I don't know them/her/him,I don't know them/her/him,I don't know them/her/him,I don't know them/her/him
I know them/her/him,I know them/her/him,Maybe I know them/her/him,I know them/her/him,I know them/her/him,I know them/her/him,I don't know them/her/him,I don't know them/her/him,Maybe I know them/her/him,I know them/her/him,I know them/her/him,I know them/her/him,I know them/her/him,I know them/her/him,I know them/her/him,I don't know them/her/him,I don't know them/her/him,I don't know them/her/him,I don't know them/her/him,I don't know them/her/him,I don't know them/her/him,I don't know them/her/him,I don't know them/her/him,I know them/her/him,I don't know them/her/him,I don't know them/her/him,I don't know them/her/him,I don't know them/her/him,I don't know them/her/him,I don't know them/her/him
I know them/her/him,I know them/her/him,I don't know them/her/him,I know them/her/him,I know them/her/him,I know them/her/him,I know them/her/him,I know them/her/him,I know them/her/him,I know them/her/him,I know them/her/him,I know them/her/him,Maybe I know them/her/him,I know them/her/him,I know them/her/him,I don't know them/her/him,I don't know them/her/him,I don't know them/her/him,Maybe I know them/her/him,I don't know them/her/him,I don't know them/her/him,I don't know them/her/him,I don't know them/her/him,I don't know them/her/him,Maybe I know them/her/him,I don't know them/her/him,I don't know them/her/him,I don't know them/her/him,I don't know them/her/him,I don't know them/her/him
I know them/her/him,I know them/her/him,I know them/her/him,I know them/her/him,I don't know them/her/him,I know them/her/him,I don't know them/her/him,I don't know them/her/him,I know them/her/him,I know them/her/him,I know them/her/him,I don't know them/her/him,I know them/her/him,I don't know them/her/him,I know them/her/him,I don't know them/her/him,I don't know them/her/him,I don't know them/her/him,I don't know them/her/him,I don't know them/her/him,I don't know them/her/him,I don't know them/her/him,I don't know them/her/him,I don't know them/her/him,I don't know them/her/him,I don't know them/her/him,I don't know them/her/him,I don't know them/her/him,I don't know them/her/him,I don't know them/her/him
I know them/her/him,I know them/her/him,I don't know them/her/him,I know them/her/him,I know them/her/him,I know them/her/him,I don't know them/her/him,I don't know them/her/him,I know them/her/him,I know them/her/him,I know them/her/him,I don't know them/her/him,I don't know them/her/him,I know them/her/him,I don't know them/her/him,I don't know them/her/him,I don't know them/her/him,I don't know them/her/him,I don't know them/her/him,I don't know them/her/him,I don't know them/her/him,I don't know them/her/him,I don't know them/her/him,I don't know them/her/him,I don't know them/her/him,I don't know them/her/him,I don't know them/her/him,I don't know them/her/him,I don't know them/her/him,I don't know them/her/him
I know them/her/him,I know them/her/him,I don't know them/her/him,I know them/her/him,I don't know them/her/him,I know them/her/him,I don't know them/her/him,I don't know them/her/him,I don't know them/her/him,I know them/her/him,I know them/her/him,I don't know them/her/him,I don't know them/her/him,I know them/her/him,I don't know them/her/him,I don't know them/her/him,I don't know them/her/him,I don't know them/her/him,I don't know them/her/him,I don't know them/her/him,I don't know them/her/him,I don't know them/her/him,I don't know them/her/him,I don't know them/her/him,I don't know them/her/him,I don't know them/her/him,I don't know them/her/him,I don't know them/her/him,I don't know them/her/him,I don't know them/her/him
I know them/her/him,I know them/her/him,I know them/her/him,I know them/her/him,I know them/her/him,I know them/her/him,I don't know them/her/him,I know them/her/him,I know them/her/him,I know them/her/him,I know them/her/him,I know them/her/him,I know them/her/him,I know them/her/him,I know them/her/him,I don't know them/her/him,I don't know them/her/him,I don't know them/her/him,I don't know them/her/him,I don't know them/her/him,I don't know them/her/him,I don't know them/her/him,I don't know them/her/him,I don't know them/her/him,I don't know them/her/him,I don't know them/her/him,I don't know them/her/him,I don't know them/her/him,I don't know them/her/him,I don't know them/her/him
I know them/her/him,I know them/her/him,I know them/her/him,I know them/her/him,I know them/her/him,I know them/her/him,Maybe I know them/her/him,I know them/her/him,I know them/her/him,I know them/her/him,I know them/her/him,I know them/her/him,I know them/her/him,I know them/her/him,Maybe I know them/her/him,I don't know them/her/him,Maybe I know them/her/him,I don't know them/her/him,I know them/her/him,I don't know them/her/him,I know them/her/him,I don't know them/her/him,I don't know them/her/him,I don't know them/her/him,I don't know them/her/him,I don't know them/her/him,I know them/her/him,I don't know them/her/him,Maybe I know them/her/him,I know them/her/him
I know them/her/him,I know them/her/him,Maybe I know them/her/him,I know them/her/him,Maybe I know them/her/him,I know them/her/him,Maybe I know them/her/him,I know them/her/him,I know them/her/him,I know them/her/him,I know them/her/him,Maybe I know them/her/him,I know them/her/him,I know them/her/him,I know them/her/him,Maybe I know them/her/him,Maybe I know them/her/him,Maybe I know them/her/him,Maybe I know them/her/him,Maybe I know them/her/him,Maybe I know them/her/him,Maybe I know them/her/him,Maybe I know them/her/him,Maybe I know them/her/him,Maybe I know them/her/him,Maybe I know them/her/him,Maybe I know them/her/him,Maybe I know them/her/him,Maybe I know them/her/him,Maybe I know them/her/him
Los/la/lo conozco,Los/la/lo conozco,Los/la/lo conozco,Los/la/lo conozco,No los/la/lo conozco,Quizás los/la/lo conozco,No los/la/lo conozco,No los/la/lo conozco,Los/la/lo conozco,Los/la/lo conozco,Los/la/lo conozco,No los/la/lo conozco,Los/la/lo conozco,Los/la/lo conozco,No los/la/lo conozco,No los/la/lo conozco,No los/la/lo conozco,No los/la/lo conozco,No los/la/lo conozco,No los/la/lo conozco,No los/la/lo conozco,No los/la/lo conozco,No los/la/lo conozco,No los/la/lo conozco,No los/la/lo conozco,No los/la/lo conozco,No los/la/lo conozco,No los/la/lo conozco,No los/la/lo conozco,No los/la/lo conozco
Non li/la/lo conosco,Li/la/lo conosco,Non li/la/lo conosco,Li/la/lo conosco,Non li/la/lo conosco,Li/la/lo conosco,Non li/la/lo conosco,Li/la/lo conosco,Non li/la/lo conosco,Li/la/lo conosco,Li/la/lo conosco,Li/la/lo conosco,Non li/la/lo conosco,Li/la/lo conosco,Li/la/lo conosco,Non li/la/lo conosco,Non li/la/lo conosco,Non li/la/lo conosco,Forse li/la/lo conosco,Non li/la/lo conosco,Forse li/la/lo conosco,Non li/la/lo conosco,Non li/la/lo conosco,Non li/la/lo conosco,Non li/la/lo conosco,Non li/la/lo conosco,Non li/la/lo conosco,Non li/la/lo conosco,Non li/la/lo conosco,Non li/la/lo conosco
Li/la/lo conosco,Li/la/lo conosco,Li/la/lo conosco,Li/la/lo conosco,Li/la/lo conosco,Li/la/lo conosco,Li/la/lo conosco,Li/la/lo conosco,Li/la/lo conosco,Li/la/lo conosco,Li/la/lo conosco,Li/la/lo conosco,Li/la/lo conosco,Li/la/lo conosco,Li/la/lo conosco,Li/la/lo conosco,Forse li/la/lo conosco,Forse li/la/lo conosco,Li/la/lo conosco,Forse li/la/lo conosco,Li/la/lo conosco,Non li/la/lo conosco,Non li/la/lo conosco,Non li/la/lo conosco,Non li/la/lo conosco,Forse li/la/lo conosco,Forse li/la/lo conosco,Forse li/la/lo conosco,Li/la/lo conosco,Li/la/lo conosco
Li/la/lo conosco,Li/la/lo conosco,Li/la/lo conosco,Li/la/lo conosco,Li/la/lo conosco,Li/la/lo conosco,Non li/la/lo conosco,Non li/la/lo conosco,Li/la/lo conosco,Li/la/lo conosco,Li/la/lo conosco,Li/la/lo conosco,Non li/la/lo conosco,Li/la/lo conosco,Li/la/lo conosco,Non li/la/lo conosco,Non li/la/lo conosco,Non li/la/lo conosco,Non li/la/lo conosco,Non li/la/lo conosco,Non li/la/lo conosco,Non li/la/lo conosco,Non li/la/lo conosco,Non li/la/lo conosco,Non li/la/lo conosco,Non li/la/lo conosco,Non li/la/lo conosco,Non li/la/lo conosco,Non li/la/lo conosco,Non li/la/lo conosco
Li/la/lo conosco,Li/la/lo conosco,Li/la/lo conosco,Li/la/lo conosco,Li/la/lo conosco,Li/la/lo conosco,Li/la/lo conosco,Li/la/lo conosco,Li/la/lo conosco,Li/la/lo conosco,Li/la/lo conosco,Li/la/lo conosco,Li/la/lo conosco,Li/la/lo conosco,Li/la/lo conosco,Li/la/lo conosco,Li/la/lo conosco,Forse li/la/lo conosco,Li/la/lo conosco,Non li/la/lo conosco,Non li/la/lo conosco,Forse li/la/lo conosco,Li/la/lo conosco,Li/la/lo conosco,Non li/la/lo conosco,Li/la/lo conosco,Li/la/lo conosco,Li/la/lo conosco,Li/la/lo conosco,Li/la/lo conosco
I know them/her/him,I know them/her/him,I know them/her/him,I know them/her/him,I know them/her/him,I know them/her/him,I don't know them/her/him,I know them/her/him,I know them/her/him,I know them/her/him,I know them/her/him,I don't know them/her/him,I know them/her/him,I know them/her/him,I know them/her/him,I don't know them/her/him,I don't know them/her/him,I don't know them/her/him,I don't know them/her/him,I don't know them/her/him,I don't know them/her/him,I don't know them/her/him,I don't know them/her/him,I don't know them/her/him,I don't know them/her/him,I don't know them/her/him,I don't know them/her/him,I don't know them/her/him,I don't know them/her/him,I don't know them/her/him
I know them/her/him,I know them/her/him,Maybe I know them/her/him,Maybe I know them/her/him,I don't know them/her/him,I know them/her/him,I don't know them/her/him,I don't know them/her/him,I don't know them/her/him,Maybe I know them/her/him,Maybe I know them/her/him,Maybe I know them/her/him,I don't know them/her/him,I know them/her/him,I know them/her/him,I don't know them/her/him,I don't know them/her/him,I don't know them/her/him,I don't know them/her/him,I don't know them/her/him,I don't know them/her/him,I don't know them/her/him,I don't know them/her/him,I don't know them/her/him,I don't know them/her/him,I don't know them/her/him,I don't know them/her/him,I don't know them/her/him,I don't know them/her/him,I don't know them/her/him
I know them/her/him,I know them/her/him,Maybe I know them/her/him,I know them/her/him,I know them/her/him,I know them/her/him,I don't know them/her/him,I don't know them/her/him,I know them/her/him,I know them/her/him,I know them/her/him,Maybe I know them/her/him,I don't know them/her/him,I know them/her/him,I know them/her/him,I don't know them/her/him,I don't know them/her/him,I don't know them/her/him,I don't know them/her/him,I don't know them/her/him,I don't know them/her/him,I don't know them/her/him,I don't know them/her/him,I don't know them/her/him,I don't know them/her/him,I don't know them/her/him,I don't know them/her/him,I don't know them/her/him,Maybe I know them/her/him,I don't know them/her/him
I know them/her/him,I know them/her/him,I don't know them/her/him,I know them/her/him,I know them/her/him,I know them/her/him,I don't know them/her/him,I know them/her/him,I know them/her/him,I know them/her/him,I know them/her/him,I know them/her/him,I know them/her/him,I know them/her/him,I know them/her/him,I don't know them/her/him,I don't know them/her/him,I don't know them/her/him,Maybe I know them/her/him,I don't know them/her/him,I don't know them/her/him,I don't know them/her/him,I don't know them/her/him,Maybe I know them/her/him,I don't know them/her/him,I don't know them/her/him,Maybe I know them/her/him,I don't know them/her/him,I know them/her/him,I know them/her/him
I know them/her/him,I know them/her/him,I know them/her/him,I know them/her/him,I know them/her/him,I know them/her/him,I know them/her/him,I know them/her/him,I know them/her/him,I know them/her/him,I know them/her/him,I know them/her/him,I know them/her/him,I know them/her/him,I know them/her/him,Maybe I know them/her/him,I know them/her/him,I don't know them/her/him,Maybe I know them/her/him,I don't know them/her/him,Maybe I know them/her/him,I don't know them/her/him,I don't know them/her/him,I don't know them/her/him,I don't know them/her/him,I don't know them/her/him,I don't know them/her/him,I don't know them/her/him,Maybe I know them/her/him,I know them/her/him
I know them/her/him,I know them/her/him,I know them/her/him,I know them/her/him,I don't know them/her/him,I know them/her/him,I don't know them/her/him,Maybe I know them/her/him,I don't know them/her/him,I don't know them/her/him,I know them/her/him,Maybe I know them/her/him,I don't know them/her/him,I know them/her/him,I know them/her/him,I don't know them/her/him,I don't know them/her/him,I don't know them/her/him,I don't know them/her/him,I don't know them/her/him,I don't know them/her/him,I don't know them/her/him,I don't know them/her/him,I don't know them/her/him,I don't know them/her/him,I don't know them/her/him,I don't know them/her/him,I don't know them/her/him,I don't know them/her/him,Maybe I know them/her/him
I know them/her/him,I know them/her/him,I know them/her/him,I know them/her/him,I know them/her/him,I know them/her/him,I know them/her/him,I know them/her/him,I know them/her/him,I know them/her/him,I know them/her/him,I know them/her/him,I know them/her/him,I know them/her/him,I know them/her/him,I don't know them/her/him,I don't know them/her/him,I don't know them/her/him,I don't know them/her/him,Maybe I know them/her/him,I don't know them/her/him,I don't know them/her/him,I don't know them/her/him,I don't know them/her/him,I don't know them/her/him,I don't know them/her/him,I don't know them/her/him,I don't know them/her/him,I don't know them/her/him,I know them/her/him
I know them/her/him,I know them/her/him,I know them/her/him,I know them/her/him,I know them/her/him,I know them/her/him,I know them/her/him,I know them/her/him,I know them/her/him,I know them/her/him,I know them/her/him,I know them/her/him,I know them/her/him,I know them/her/him,I know them/her/him,I don't know them/her/him,I don't know them/her/him,I don't know them/her/him,I don't know them/her/him,I don't know them/her/him,I don't know them/her/him,I don't know them/her/him,I don't know them/her/him,I don't know them/her/him,I don't know them/her/him,I don't know them/her/him,I don't know them/her/him,I don't know them/her/him,I don't know them/her/him,I don't know them/her/him
I know them/her/him,I know them/her/him,I know them/her/him,I know them/her/him,I know them/her/him,I know them/her/him,I know them/her/him,I know them/her/him,I know them/her/him,I know them/her/him,I know them/her/him,I know them/her/him,I know them/her/him,I know them/her/him,I know them/her/him,I don't know them/her/him,I don't know them/her/him,I don't know them/her/him,I don't know them/her/him,I don't know them/her/him,I don't know them/her/him,I don't know them/her/him,I don't know them/her/him,I don't know them/her/him,I don't know them/her/him,I don't know them/her/him,I don't know them/her/him,I don't know them/her/him,I don't know them/her/him,I don't know them/her/him
I know them/her/him,I know them/her/him,I know them/her/him,I know them/her/him,I don't know them/her/him,I know them/her/him,I don't know them/her/him,I know them/her/him,I know them/her/him,I know them/her/him,I know them/her/him,I don't know them/her/him,Maybe I know them/her/him,I know them/her/him,I know them/her/him,I don't know them/her/him,I don't know them/her/him,I don't know them/her/him,I don't know them/her/him,I don't know them/her/him,I don't know them/her/him,I don't know them/her/him,I don't know them/her/him,I don't know them/her/him,I don't know them/her/him,I don't know them/her/him,I don't know them/her/him,I don't know them/her/him,I don't know them/her/him,I don't know them/her/him
I know them/her/him,I know them/her/him,Maybe I know them/her/him,I know them/her/him,I know them/her/him,I know them/her/him,I don't know them/her/him,I don't know them/her/him,I know them/her/him,I know them/her/him,I know them/her/him,I know them/her/him,I know them/her/him,I know them/her/him,I know them/her/him,I don't know them/her/him,I don't know them/her/him,I don't know them/her/him,I don't know them/her/him,I don't know them/her/him,I don't know them/her/him,I don't know them/her/him,I don't know them/her/him,I don't know them/her/him,I don't know them/her/him,I don't know them/her/him,I don't know them/her/him,I don't know them/her/him,I don't know them/her/him,I don't know them/her/him
I know them/her/him,I know them/her/him,I don't know them/her/him,I know them/her/him,I know them/her/him,I know them/her/him,I know them/her/him,I know them/her/him,I know them/her/him,I know them/her/him,I know them/her/him,I know them/her/him,Maybe I know them/her/him,I know them/her/him,I know them/her/him,Maybe I know them/her/him,Maybe I know them/her/him,I know them/her/him,I know them/her/him,I don't know them/her/him,I don't know them/her/him,I don't know them/her/him,I don't know them/her/him,I don't know them/her/him,I don't know them/her/him,I don't know them/her/him,Maybe I know them/her/him,I don't know them/her/him,I don't know them/her/him,I know them/her/him
I know them/her/him,I know them/her/him,I don't know them/her/him,I know them/her/him,I know them/her/him,I know them/her/him,I know them/her/him,I know them/her/him,I know them/her/him,I know them/her/him,I know them/her/him,I know them/her/him,Maybe I know them/her/him,I know them/her/him,I know them/her/him,Maybe I know them/her/him,Maybe I know them/her/him,I know them/her/him,I know them/her/him,I don't know them/her/him,I don't know them/her/him,I don't know them/her/him,I don't know them/her/him,I don't know them/her/him,I don't know them/her/him,I don't know them/her/him,Maybe I know them/her/him,I don't know them/her/him,I don't know them/her/him,I know them/her/him
I know them/her/him,I know them/her/him,I know them/her/him,I know them/her/him,I don't know them/her/him,I don't know them/her/him,I don't know them/her/him,I don't know them/her/him,I know them/her/him,I know them/her/him,I know them/her/him,I don't know them/her/him,I don't know them/her/him,I don't know them/her/him,I know them/her/him,I don't know them/her/him,I don't know them/her/him,I don't know them/her/him,I don't know them/her/him,I don't know them/her/him,I don't know them/her/him,I don't know them/her/him,I don't know them/her/him,I don't know them/her/him,I don't know them/her/him,I don't know them/her/him,I don't know them/her/him,I don't know them/her/him,I don't know them/her/him,I don't know them/her/him
I know them/her/him,I know them/her/him,Maybe I know them/her/him,I know them/her/him,Maybe I know them/her/him,I know them/her/him,Maybe I know them/her/him,I know them/her/him,I know them/her/him,I know them/her/him,I know them/her/him,I know them/her/him,I know them/her/him,Maybe I know them/her/him,I don't know them/her/him,Maybe I know them/her/him,I don't know them/her/him,I don't know them/her/him,I don't know them/her/him,I don't know them/her/him,Maybe I know them/her/him,I don't know them/her/him,I don't know them/her/him,Maybe I know them/her/him,I don't know them/her/him,Maybe I know them/her/him,I don't know them/her/him,I don't know them/her/him,I don't know them/her/him,Maybe I know them/her/him
I know them/her/him,I know them/her/him,I know them/her/him,I know them/her/him,I know them/her/him,I know them/her/him,I know them/her/him,I know them/her/him,I know them/her/him,I know them/her/him,I know them/her/him,I know them/her/him,I know them/her/him,I know them/her/him,I know them/her/him,Maybe I know them/her/him,Maybe I know them/her/him,Maybe I know them/her/him,Maybe I know them/her/him,Maybe I know them/her/him,Maybe I know them/her/him,Maybe I know them/her/him,Maybe I know them/her/him,Maybe I know them/her/him,Maybe I know them/her/him,Maybe I know them/her/him,Maybe I know them/her/him,Maybe I know them/her/him,Maybe I know them/her/him,Maybe I know them/her/him
I know them/her/him,I know them/her/him,I don't know them/her/him,I know them/her/him,I don't know them/her/him,I don't know them/her/him,I don't know them/her/him,I don't know them/her/him,I know them/her/him,I know them/her/him,I know them/her/him,I don't know them/her/him,I don't know them/her/him,I know them/her/him,I know them/her/him,I don't know them/her/him,I don't know them/her/him,I don't know them/her/him,I don't know them/her/him,I don't know them/her/him,I don't know them/her/him,I don't know them/her/him,I know them/her/him,I don't know them/her/him,I don't know them/her/him,I don't know them/her/him,Maybe I know them/her/him,I don't know them/her/him,I don't know them/her/him,I don't know them/her/him
I know them/her/him,I know them/her/him,Maybe I know them/her/him,I know them/her/him,Maybe I know them/her/him,I know them/her/him,I don't know them/her/him,I don't know them/her/him,I know them/her/him,I know them/her/him,I know them/her/him,Maybe I know them/her/him,I don't know them/her/him,I know them/her/him,I know them/her/him,I don't know them/her/him,I don't know them/her/him,I don't know them/her/him,Maybe I know them/her/him,I don't know them/her/him,I don't know them/her/him,I don't know them/her/him,I don't know them/her/him,Maybe I know them/her/him,I don't know them/her/him,I don't know them/her/him,I don't know them/her/him,I don't know them/her/him,I don't know them/her/him,Maybe I know them/her/him
I know them/her/him,I know them/her/him,I know them/her/him,I know them/her/him,I don't know them/her/him,I know them/her/him,I don't know them/her/him,I don't know them/her/him,I know them/her/him,Maybe I know them/her/him,I don't know them/her/him,Maybe I know them/her/him,I don't know them/her/him,I know them/her/him,I know them/her/him,I don't know them/her/him,I don't know them/her/him,I don't know them/her/him,I don't know them/her/him,I don't know them/her/him,I don't know them/her/him,I don't know them/her/him,Maybe I know them/her/him,I don't know them/her/him,I don't know them/her/him,I don't know them/her/him,I don't know them/her/him,I don't know them/her/him,I don't know them/her/him,I don't know them/her/him
I know them/her/him,I know them/her/him,I don't know them/her/him,I know them/her/him,I know them/her/him,I know them/her/him,I know them/her/him,I know them/her/him,I know them/her/him,I know them/her/him,I know them/her/him,I know them/her/him,Maybe I know them/her/him,I know them/her/him,I know them/her/him,Maybe I know them/her/him,Maybe I know them/her/him,I know them/her/him,I know them/her/him,I don't know them/her/him,I don't know them/her/him,I don't know them/her/him,I don't know them/her/him,I don't know them/her/him,I don't know them/her/him,I don't know them/her/him,Maybe I know them/her/him,I don't know them/her/him,I don't know them/her/him,I know them/her/him
Maybe I know them/her/him,I know them/her/him,I don't know them/her/him,Maybe I know them/her/him,Maybe I know them/her/him,Maybe I know them/her/him,Maybe I know them/her/him,I don't know them/her/him,I don't know them/her/him,Maybe I know them/her/him,I know them/her/him,I know them/her/him,I don't know them/her/him,I know them/her/him,I know them/her/him,I don't know them/her/him,I don't know them/her/him,I don't know them/her/him,I don't know them/her/him,I don't know them/her/him,I don't know them/her/him,I don't know them/her/him,I don't know them/her/him,I don't know them/her/him,I don't know them/her/him,I don't know them/her/him,I don't know them/her/him,I don't know them/her/him,I don't know them/her/him,I don't know them/her/him
I know them/her/him,I know them/her/him,I don't know them/her/him,I know them/her/him,I don't know them/her/him,I don't know them/her/him,I don't know them/her/him,I know them/her/him,I know them/her/him,I know them/her/him,I know them/her/him,I know them/her/him,I know them/her/him,I don't know them/her/him,I don't know them/her/him,I don't know them/her/him,I don't know them/her/him,I don't know them/her/him,I don't know them/her/him,I don't know them/her/him,I don't know them/her/him,I don't know them/her/him,I don't know them/her/him,I don't know them/her/him,I don't know them/her/him,I don't know them/her/him,I don't know them/her/him,I don't know them/her/him,I don't know them/her/him,I don't know them/her/him
I know them/her/him,I know them/her/him,I don't know them/her/him,I know them/her/him,I know them/her/him,I know them/her/him,I know them/her/him,I know them/her/him,I know them/her/him,I know them/her/him,I know them/her/him,I know them/her/him,Maybe I know them/her/him,I know them/her/him,I know them/her/him,Maybe I know them/her/him,Maybe I know them/her/him,I know them/her/him,I know them/her/him,I don't know them/her/him,I don't know them/her/him,I don't know them/her/him,I don't know them/her/him,I don't know them/her/him,I don't know them/her/him,I don't know them/her/him,Maybe I know them/her/him,I don't know them/her/him,I don't know them/her/him,I know them/her/him
I know them/her/him,I know them/her/him,I don't know them/her/him,I know them/her/him,I know them/her/him,I know them/her/him,I don't know them/her/him,I know them/her/him,I don't know them/her/him,I don't know them/her/him,I know them/her/him,I don't know them/her/him,I don't know them/her/him,I know them/her/him,I know them/her/him,I don't know them/her/him,I don't know them/her/him,I don't know them/her/him,I don't know them/her/him,I don't know them/her/him,I don't know them/her/him,I don't know them/her/him,I don't know them/her/him,I don't know them/her/him,I don't know them/her/him,I don't know them/her/him,I don't know them/her/him,I don't know them/her/him,I don't know them/her/him,I don't know them/her/him
Los/la/lo conozco,Los/la/lo conozco,No los/la/lo conozco,Los/la/lo conozco,No los/la/lo conozco,No los/la/lo conozco,No los/la/lo conozco,Los/la/lo conozco,No los/la/lo conozco,Los/la/lo conozco,No los/la/lo conozco,No los/la/lo conozco,No los/la/lo conozco,Los/la/lo conozco,Los/la/lo conozco,No los/la/lo conozco,No los/la/lo conozco,No los/la/lo conozco,No los/la/lo conozco,No los/la/lo conozco,No los/la/lo conozco,No los/la/lo conozco,No los/la/lo conozco,Los/la/lo conozco,No los/la/lo conozco,Los/la/lo conozco,No los/la/lo conozco,No los/la/lo conozco,No los/la/lo conozco,No los/la/lo conozco
Los/la/lo conozco,Los/la/lo conozco,Quizás los/la/lo conozco,Los/la/lo conozco,No los/la/lo conozco,No los/la/lo conozco,No los/la/lo conozco,Quizás los/la/lo conozco,No los/la/lo conozco,No los/la/lo conozco,Los/la/lo conozco,Quizás los/la/lo conozco,No los/la/lo conozco,Los/la/lo conozco,No los/la/lo conozco,No los/la/lo conozco,No los/la/lo conozco,No los/la/lo conozco,Quizás los/la/lo conozco,No los/la/lo conozco,No los/la/lo conozco,No los/la/lo conozco,No los/la/lo conozco,No los/la/lo conozco,No los/la/lo conozco,No los/la/lo conozco,No los/la/lo conozco,No los/la/lo conozco,No los/la/lo conozco,No los/la/lo conozco
Los/la/lo conozco,Los/la/lo conozco,No los/la/lo conozco,Los/la/lo conozco,Los/la/lo conozco,Los/la/lo conozco,No los/la/lo conozco,Los/la/lo conozco,Quizás los/la/lo conozco,Quizás los/la/lo conozco,Los/la/lo conozco,Quizás los/la/lo conozco,Los/la/lo conozco,Los/la/lo conozco,Los/la/lo conozco,No los/la/lo conozco,No los/la/lo conozco,No los/la/lo conozco,No los/la/lo conozco,No los/la/lo conozco,No los/la/lo conozco,No los/la/lo conozco,Quizás los/la/lo conozco,No los/la/lo conozco,No los/la/lo conozco,No los/la/lo conozco,No los/la/lo conozco,No los/la/lo conozco,No los/la/lo conozco,No los/la/lo conozco
Los/la/lo conozco,Los/la/lo conozco,Los/la/lo conozco,Los/la/lo conozco,Quizás los/la/lo conozco,Los/la/lo conozco,No los/la/lo conozco,Los/la/lo conozco,No los/la/lo conozco,Los/la/lo conozco,Los/la/lo conozco,No los/la/lo conozco,No los/la/lo conozco,Los/la/lo conozco,No los/la/lo conozco,No los/la/lo conozco,No los/la/lo conozco,No los/la/lo conozco,No los/la/lo conozco,No los/la/lo conozco,No los/la/lo conozco,No los/la/lo conozco,No los/la/lo conozco,No los/la/lo conozco,No los/la/lo conozco,No los/la/lo conozco,No los/la/lo conozco,No los/la/lo conozco,No los/la/lo conozco,No los/la/lo conozco
Los/la/lo conozco,Los/la/lo conozco,No los/la/lo conozco,Los/la/lo conozco,Los/la/lo conozco,Los/la/lo conozco,No los/la/lo conozco,Los/la/lo conozco,No los/la/lo conozco,Los/la/lo conozco,Los/la/lo conozco,Los/la/lo conozco,No los/la/lo conozco,Los/la/lo conozco,Los/la/lo conozco,No los/la/lo conozco,No los/la/lo conozco,No los/la/lo conozco,No los/la/lo conozco,No los/la/lo conozco,No los/la/lo conozco,No los/la/lo conozco,No los/la/lo conozco,No los/la/lo conozco,No los/la/lo conozco,No los/la/lo conozco,No los/la/lo conozco,No los/la/lo conozco,No los/la/lo conozco,Los/la/lo conozco
Los/la/lo conozco,Los/la/lo conozco,No los/la/lo conozco,Los/la/lo conozco,No los/la/lo conozco,No los/la/lo conozco,No los/la/lo conozco,No los/la/lo conozco,Los/la/lo conozco,Los/la/lo conozco,No los/la/lo conozco,No los/la/lo conozco,No los/la/lo conozco,Los/la/lo conozco,No los/la/lo conozco,No los/la/lo conozco,No los/la/lo conozco,No los/la/lo conozco,No los/la/lo conozco,No los/la/lo conozco,No los/la/lo conozco,No los/la/lo conozco,No los/la/lo conozco,No los/la/lo conozco,No los/la/lo conozco,No los/la/lo conozco,No los/la/lo conozco,No los/la/lo conozco,No los/la/lo conozco,No los/la/lo conozco
Non li/la/lo conosco,Li/la/lo conosco,Li/la/lo conosco,Non li/la/lo conosco,Non li/la/lo conosco,Li/la/lo conosco,Non li/la/lo conosco,Non li/la/lo conosco,Non li/la/lo conosco,Non li/la/lo conosco,Li/la/lo conosco,Non li/la/lo conosco,Non li/la/lo conosco,Li/la/lo conosco,Li/la/lo conosco,Non li/la/lo conosco,Non li/la/lo conosco,Non li/la/lo conosco,Non li/la/lo conosco,Non li/la/lo conosco,Non li/la/lo conosco,Non li/la/lo conosco,Non li/la/lo conosco,Non li/la/lo conosco,Non li/la/lo conosco,Non li/la/lo conosco,Non li/la/lo conosco,Non li/la/lo conosco,Non li/la/lo conosco,Non li/la/lo conosco
Non li/la/lo conosco,Li/la/lo conosco,Non li/la/lo conosco,Li/la/lo conosco,Non li/la/lo conosco,Non li/la/lo conosco,Non li/la/lo conosco,Forse li/la/lo conosco,Non li/la/lo conosco,Li/la/lo conosco,Li/la/lo conosco,Non li/la/lo conosco,Non li/la/lo conosco,Li/la/lo conosco,Non li/la/lo conosco,Non li/la/lo conosco,Non li/la/lo conosco,Non li/la/lo conosco,Non li/la/lo conosco,Non li/la/lo conosco,Non li/la/lo conosco,Non li/la/lo conosco,Non li/la/lo conosco,Non li/la/lo conosco,Non li/la/lo conosco,Non li/la/lo conosco,Non li/la/lo conosco,Non li/la/lo conosco,Non li/la/lo conosco,Non li/la/lo conosco
Non li/la/lo conosco,Li/la/lo conosco,Non li/la/lo conosco,Li/la/lo conosco,Non li/la/lo conosco,Non li/la/lo conosco,Non li/la/lo conosco,Non li/la/lo conosco,Non li/la/lo conosco,Non li/la/lo conosco,Li/la/lo conosco,Non li/la/lo conosco,Non li/la/lo conosco,Forse li/la/lo conosco,Non li/la/lo conosco,Non li/la/lo conosco,Non li/la/lo conosco,Non li/la/lo conosco,Non li/la/lo conosco,Non li/la/lo conosco,Non li/la/lo conosco,Non li/la/lo conosco,Non li/la/lo conosco,Non li/la/lo conosco,Non li/la/lo conosco,Non li/la/lo conosco,Non li/la/lo conosco,Non li/la/lo conosco,Non li/la/lo conosco,Non li/la/lo conosco
Li/la/lo conosco,Li/la/lo conosco,Li/la/lo conosco,Li/la/lo conosco,Non li/la/lo conosco,Li/la/lo conosco,Non li/la/lo conosco,Non li/la/lo conosco,Li/la/lo conosco,Non li/la/lo conosco,Li/la/lo conosco,Non li/la/lo conosco,Non li/la/lo conosco,Non li/la/lo conosco,Non li/la/lo conosco,Non li/la/lo conosco,Non li/la/lo conosco,Non li/la/lo conosco,Non li/la/lo conosco,Non li/la/lo conosco,Non li/la/lo conosco,Non li/la/lo conosco,Non li/la/lo conosco,Non li/la/lo conosco,Non li/la/lo conosco,Non li/la/lo conosco,Non li/la/lo conosco,Non li/la/lo conosco,Non li/la/lo conosco,Non li/la/lo conosco
Li/la/lo conosco,Li/la/lo conosco,Li/la/lo conosco,Li/la/lo conosco,Li/la/lo conosco,Li/la/lo conosco,Non li/la/lo conosco,Forse li/la/lo conosco,Li/la/lo conosco,Li/la/lo conosco,Li/la/lo conosco,Li/la/lo conosco,Forse li/la/lo conosco,Li/la/lo conosco,Li/la/lo conosco,Forse li/la/lo conosco,Non li/la/lo conosco,Non li/la/lo conosco,Forse li/la/lo conosco,Non li/la/lo conosco,Forse li/la/lo conosco,Non li/la/lo conosco,Non li/la/lo conosco,Non li/la/lo conosco,Non li/la/lo conosco,Non li/la/lo conosco,Non li/la/lo conosco,Non li/la/lo conosco,Non li/la/lo conosco,Forse li/la/lo conosco
I know them/her/him,I know them/her/him,I don't know them/her/him,I know them/her/him,I know them/her/him,I know them/her/him,I know them/her/him,I know them/her/him,I know them/her/him,I know them/her/him,I know them/her/him,I know them/her/him,Maybe I know them/her/him,I know them/her/him,I know them/her/him,I don't know them/her/him,I don't know them/her/him,I don't know them/her/him,I don't know them/her/him,I don't know them/her/him,I don't know them/her/him,I don't know them/her/him,I don't know them/her/him,Maybe I know them/her/him,I don't know them/her/him,I don't know them/her/him,I don't know them/her/him,I don't know them/her/him,I don't know them/her/him,Maybe I know them/her/him
I know them/her/him,I know them/her/him,I know them/her/him,I know them/her/him,I know them/her/him,I know them/her/him,I know them/her/him,I know them/her/him,I know them/her/him,I know them/her/him,I know them/her/him,I know them/her/him,I know them/her/him,I know them/her/him,I know them/her/him,I know them/her/him,Maybe I know them/her/him,I don't know them/her/him,I don't know them/her/him,Maybe I know them/her/him,I don't know them/her/him,I don't know them/her/him,I don't know them/her/him,I don't know them/her/him,I don't know them/her/him,I don't know them/her/him,I don't know them/her/him,I don't know them/her/him,I don't know them/her/him,Maybe I know them/her/him
I know them/her/him,I know them/her/him,I know them/her/him,I know them/her/him,I know them/her/him,I know them/her/him,Maybe I know them/her/him,Maybe I know them/her/him,Maybe I know them/her/him,I know them/her/him,I know them/her/him,Maybe I know them/her/him,Maybe I know them/her/him,I know them/her/him,I know them/her/him,I know them/her/him,Maybe I know them/her/him,Maybe I know them/her/him,Maybe I know them/her/him,Maybe I know them/her/him,Maybe I know them/her/him,Maybe I know them/her/him,Maybe I know them/her/him,Maybe I know them/her/him,Maybe I know them/her/him,Maybe I know them/her/him,Maybe I know them/her/him,Maybe I know them/her/him,Maybe I know them/her/him,Maybe I know them/her/him
I know them/her/him,I know them/her/him,I know them/her/him,I know them/her/him,I know them/her/him,I know them/her/him,I don't know them/her/him,I know them/her/him,I know them/her/him,I know them/her/him,Maybe I know them/her/him,I don't know them/her/him,I know them/her/him,I know them/her/him,I know them/her/him,I don't know them/her/him,I don't know them/her/him,I don't know them/her/him,I don't know them/her/him,I don't know them/her/him,I don't know them/her/him,I don't know them/her/him,I don't know them/her/him,I don't know them/her/him,I don't know them/her/him,I don't know them/her/him,I don't know them/her/him,I don't know them/her/him,I don't know them/her/him,I don't know them/her/him
I know them/her/him,I know them/her/him,I know them/her/him,I know them/her/him,I know them/her/him,I know them/her/him,I know them/her/him,I know them/her/him,I know them/her/him,I know them/her/him,I know them/her/him,I know them/her/him,I know them/her/him,I know them/her/him,I know them/her/him,I don't know them/her/him,I don't know them/her/him,I don't know them/her/him,I don't know them/her/him,I don't know them/her/him,I don't know them/her/him,I don't know them/her/him,I don't know them/her/him,I don't know them/her/him,I don't know them/her/him,I don't know them/her/him,I don't know them/her/him,I don't know them/her/him,I don't know them/her/him,I know them/her/him
I know them/her/him,I know them/her/him,I know them/her/him,I know them/her/him,I know them/her/him,I know them/her/him,I know them/her/him,I know them/her/him,I don't know them/her/him,I know them/her/him,I know them/her/him,I know them/her/him,I know them/her/him,I know them/her/him,I know them/her/him,I don't know them/her/him,I don't know them/her/him,I don't know them/her/him,I don't know them/her/him,I don't know them/her/him,I don't know them/her/him,I don't know them/her/him,Maybe I know them/her/him,I don't know them/her/him,I don't know them/her/him,I know them/her/him,Maybe I know them/her/him,I don't know them/her/him,I don't know them/her/him,Maybe I know them/her/him
I know them/her/him,I know them/her/him,I don't know them/her/him,I know them/her/him,I don't know them/her/him,I know them/her/him,I don't know them/her/him,I don't know them/her/him,I don't know them/her/him,I know them/her/him,I know them/her/him,I don't know them/her/him,I don't know them/her/him,I know them/her/him,I know them/her/him,I don't know them/her/him,I don't know them/her/him,I don't know them/her/him,I don't know them/her/him,I don't know them/her/him,I don't know them/her/him,I don't know them/her/him,I don't know them/her/him,I don't know them/her/him,I don't know them/her/him,I don't know them/her/him,I don't know them/her/him,I don't know them/her/him,I don't know them/her/him,I don't know them/her/him
I know them/her/him,I know them/her/him,I know them/her/him,I know them/her/him,I know them/her/him,I know them/her/him,I don't know them/her/him,I don't know them/her/him,I know them/her/him,I know them/her/him,I know them/her/him,I don't know them/her/him,I know them/her/him,I know them/her/him,I know them/her/him,I don't know them/her/him,I don't know them/her/him,I don't know them/her/him,I don't know them/her/him,I don't know them/her/him,I don't know them/her/him,I don't know them/her/him,I don't know them/her/him,I don't know them/her/him,I don't know them/her/him,I don't know them/her/him,I don't know them/her/him,I don't know them/her/him,I don't know them/her/him,Maybe I know them/her/him
I know them/her/him,I know them/her/him,Maybe I know them/her/him,I know them/her/him,I know them/her/him,I know them/her/him,Maybe I know them/her/him,I know them/her/him,Maybe I know them/her/him,I know them/her/him,I know them/her/him,Maybe I know them/her/him,Maybe I know them/her/him,Maybe I know them/her/him,I know them/her/him,I know them/her/him,Maybe I know them/her/him,Maybe I know them/her/him,Maybe I know them/her/him,Maybe I know them/her/him,Maybe I know them/her/him,Maybe I know them/her/him,Maybe I know them/her/him,Maybe I know them/her/him,Maybe I know them/her/him,Maybe I know them/her/him,Maybe I know them/her/him,Maybe I know them/her/him,Maybe I know them/her/him,Maybe I know them/her/him
I know them/her/him,I know them/her/him,I know them/her/him,I know them/her/him,Maybe I know them/her/him,I know them/her/him,I don't know them/her/him,I know them/her/him,I know them/her/him,I know them/her/him,I know them/her/him,I don't know them/her/him,I know them/her/him,I know them/her/him,I know them/her/him,Maybe I know them/her/him,I don't know them/her/him,I don't know them/her/him,I don't know them/her/him,I don't know them/her/him,I don't know them/her/him,I don't know them/her/him,Maybe I know them/her/him,I don't know them/her/him,I don't know them/her/him,I don't know them/her/him,I don't know them/her/him,I don't know them/her/him,Maybe I know them/her/him,I don't know them/her/him
I don't know them/her/him,I don't know them/her/him,I don't know them/her/him,I don't know them/her/him,I don't know them/her/him,I don't know them/her/him,I don't know them/her/him,I don't know them/her/him,I don't know them/her/him,I don't know them/her/him,Maybe I know them/her/him,I don't know them/her/him,I don't know them/her/him,I don't know them/her/him,I don't know them/her/him,I don't know them/her/him,I don't know them/her/him,I don't know them/her/him,I don't know them/her/him,I don't know them/her/him,I don't know them/her/him,I don't know them/her/him,I don't know them/her/him,I don't know them/her/him,I don't know them/her/him,I don't know them/her/him,I don't know them/her/him,I don't know them/her/him,I don't know them/her/him,I don't know them/her/him
I know them/her/him,I know them/her/him,I don't know them/her/him,I know them/her/him,I know them/her/him,I know them/her/him,I don't know them/her/him,Maybe I know them/her/him,I don't know them/her/him,I know them/her/him,I know them/her/him,I don't know them/her/him,I don't know them/her/him,I know them/her/him,I know them/her/him,I don't know them/her/him,Maybe I know them/her/him,I don't know them/her/him,Maybe I know them/her/him,I don't know them/her/him,I don't know them/her/him,I don't know them/her/him,I don't know them/her/him,I don't know them/her/him,I don't know them/her/him,Maybe I know them/her/him,I don't know them/her/him,I don't know them/her/him,I don't know them/her/him,I don't know them/her/him
I don't know them/her/him,I know them/her/him,I don't know them/her/him,I don't know them/her/him,I don't know them/her/him,I don't know them/her/him,I don't know them/her/him,I don't know them/her/him,I don't know them/her/him,I know them/her/him,I know them/her/him,I don't know them/her/him,I don't know them/her/him,I know them/her/him,I know them/her/him,I don't know them/her/him,I don't know them/her/him,I don't know them/her/him,I don't know them/her/him,I don't know them/her/him,I don't know them/her/him,I don't know them/her/him,I don't know them/her/him,I don't know them/her/him,I don't know them/her/him,I don't know them/her/him,I don't know them/her/him,I don't know them/her/him,I don't know them/her/him,I don't know them/her/him
I know them/her/him,I know them/her/him,I know them/her/him,I know them/her/him,I don't know them/her/him,I know them/her/him,I don't know them/her/him,I don't know them/her/him,I know them/her/him,I know them/her/him,Maybe I know them/her/him,Maybe I know them/her/him,Maybe I know them/her/him,I don't know them/her/him,I know them/her/him,I don't know them/her/him,I don't know them/her/him,I don't know them/her/him,I don't know them/her/him,I don't know them/her/him,I don't know them/her/him,I don't know them/her/him,I don't know them/her/him,I don't know them/her/him,I don't know them/her/him,I don't know them/her/him,I don't know them/her/him,I don't know them/her/him,I don't know them/her/him,I don't know them/her/him
I know them/her/him,I know them/her/him,Maybe I know them/her/him,I know them/her/him,I know them/her/him,I know them/her/him,I don't know them/her/him,I know them/her/him,I know them/her/him,I know them/her/him,I know them/her/him,I know them/her/him,I know them/her/him,I know them/her/him,I know them/her/him,I don't know them/her/him,I don't know them/her/him,I don't know them/her/him,I don't know them/her/him,I don't know them/her/him,I don't know them/her/him,I don't know them/her/him,I don't know them/her/him,I don't know them/her/him,I don't know them/her/him,I don't know them/her/him,I don't know them/her/him,I don't know them/her/him,I don't know them/her/him,I don't know them/her/him
I know them/her/him,I know them/her/him,I know them/her/him,I know them/her/him,I know them/her/him,I know them/her/him,I don't know them/her/him,I know them/her/him,I know them/her/him,I know them/her/him,I know them/her/him,I know them/her/him,I know them/her/him,I know them/her/him,I know them/her/him,I don't know them/her/him,I don't know them/her/him,I don't know them/her/him,I don't know them/her/him,I don't know them/her/him,I don't know them/her/him,I don't know them/her/him,Maybe I know them/her/him,I don't know them/her/him,I don't know them/her/him,I don't know them/her/him,I don't know them/her/him,I don't know them/her/him,I don't know them/her/him,I know them/her/him
No los/la/lo conozco,Los/la/lo conozco,Quizás los/la/lo conozco,Los/la/lo conozco,No los/la/lo conozco,No los/la/lo conozco,No los/la/lo conozco,No los/la/lo conozco,Los/la/lo conozco,Los/la/lo conozco,Los/la/lo conozco,No los/la/lo conozco,Quizás los/la/lo conozco,No los/la/lo conozco,No los/la/lo conozco,No los/la/lo conozco,No los/la/lo conozco,No los/la/lo conozco,No los/la/lo conozco,No los/la/lo conozco,No los/la/lo conozco,No los/la/lo conozco,No los/la/lo conozco,No los/la/lo conozco,No los/la/lo conozco,No los/la/lo conozco,No los/la/lo conozco,No los/la/lo conozco,Quizás los/la/lo conozco,No los/la/lo conozco
Los/la/lo conozco,Los/la/lo conozco,Los/la/lo conozco,Los/la/lo conozco,Los/la/lo conozco,Los/la/lo conozco,No los/la/lo conozco,Los/la/lo conozco,Los/la/lo conozco,Los/la/lo conozco,Los/la/lo conozco,Los/la/lo conozco,Los/la/lo conozco,Los/la/lo conozco,Los/la/lo conozco,No los/la/lo conozco,No los/la/lo conozco,No los/la/lo conozco,No los/la/lo conozco,No los/la/lo conozco,Los/la/lo conozco,No los/la/lo conozco,Los/la/lo conozco,No los/la/lo conozco,No los/la/lo conozco,Los/la/lo conozco,Los/la/lo conozco,No los/la/lo conozco,No los/la/lo conozco,No los/la/lo conozco
Los/la/lo conozco,Los/la/lo conozco,Los/la/lo conozco,Los/la/lo conozco,Los/la/lo conozco,No los/la/lo conozco,No los/la/lo conozco,No los/la/lo conozco,Los/la/lo conozco,Quizás los/la/lo conozco,Los/la/lo conozco,No los/la/lo conozco,No los/la/lo conozco,Los/la/lo conozco,Los/la/lo conozco,No los/la/lo conozco,No los/la/lo conozco,No los/la/lo conozco,No los/la/lo conozco,No los/la/lo conozco,No los/la/lo conozco,No los/la/lo conozco,No los/la/lo conozco,No los/la/lo conozco,No los/la/lo conozco,No los/la/lo conozco,Quizás los/la/lo conozco,No los/la/lo conozco,No los/la/lo conozco,No los/la/lo conozco
Los/la/lo conozco,Los/la/lo conozco,Quizás los/la/lo conozco,Los/la/lo conozco,No los/la/lo conozco,Los/la/lo conozco,No los/la/lo conozco,No los/la/lo conozco,Los/la/lo conozco,Los/la/lo conozco,Los/la/lo conozco,No los/la/lo conozco,No los/la/lo conozco,Los/la/lo conozco,No los/la/lo conozco,No los/la/lo conozco,No los/la/lo conozco,No los/la/lo conozco,No los/la/lo conozco,No los/la/lo conozco,No los/la/lo conozco,No los/la/lo conozco,No los/la/lo conozco,No los/la/lo conozco,No los/la/lo conozco,No los/la/lo conozco,No los/la/lo conozco,No los/la/lo conozco,No los/la/lo conozco,No los/la/lo conozco
No los/la/lo conozco,Los/la/lo conozco,Quizás los/la/lo conozco,Los/la/lo conozco,Quizás los/la/lo conozco,Quizás los/la/lo conozco,No los/la/lo conozco,Los/la/lo conozco,Los/la/lo conozco,Los/la/lo conozco,Los/la/lo conozco,No los/la/lo conozco,Los/la/lo conozco,No los/la/lo conozco,No los/la/lo conozco,No los/la/lo conozco,Quizás los/la/lo conozco,No los/la/lo conozco,Los/la/lo conozco,No los/la/lo conozco,No los/la/lo conozco,No los/la/lo conozco,No los/la/lo conozco,No los/la/lo conozco,Quizás los/la/lo conozco,No los/la/lo conozco,No los/la/lo conozco,No los/la/lo conozco,No los/la/lo conozco,Quizás los/la/lo conozco
No los/la/lo conozco,Los/la/lo conozco,No los/la/lo conozco,Los/la/lo conozco,No los/la/lo conozco,No los/la/lo conozco,No los/la/lo conozco,No los/la/lo conozco,No los/la/lo conozco,No los/la/lo conozco,No los/la/lo conozco,No los/la/lo conozco,No los/la/lo conozco,Los/la/lo conozco,No los/la/lo conozco,No los/la/lo conozco,No los/la/lo conozco,No los/la/lo conozco,No los/la/lo conozco,No los/la/lo conozco,No los/la/lo conozco,No los/la/lo conozco,No los/la/lo conozco,No los/la/lo conozco,No los/la/lo conozco,No los/la/lo conozco,No los/la/lo conozco,No los/la/lo conozco,No los/la/lo conozco,No los/la/lo conozco
Los/la/lo conozco,Los/la/lo conozco,Quizás los/la/lo conozco,Los/la/lo conozco,Los/la/lo conozco,Los/la/lo conozco,No los/la/lo conozco,No los/la/lo conozco,No los/la/lo conozco,Quizás los/la/lo conozco,Los/la/lo conozco,No los/la/lo conozco,No los/la/lo conozco,Los/la/lo conozco,No los/la/lo conozco,No los/la/lo conozco,No los/la/lo conozco,No los/la/lo conozco,No los/la/lo conozco,No los/la/lo conozco,No los/la/lo conozco,No los/la/lo conozco,No los/la/lo conozco,No los/la/lo conozco,No los/la/lo conozco,No los/la/lo conozco,No los/la/lo conozco,No los/la/lo conozco,No los/la/lo conozco,No los/la/lo conozco
Non li/la/lo conosco,Li/la/lo conosco,Non li/la/lo conosco,Li/la/lo conosco,Non li/la/lo conosco,Li/la/lo conosco,Non li/la/lo conosco,Li/la/lo conosco,Non li/la/lo conosco,Li/la/lo conosco,Li/la/lo conosco,Non li/la/lo conosco,Non li/la/lo conosco,Li/la/lo conosco,Li/la/lo conosco,Non li/la/lo conosco,Non li/la/lo conosco,Non li/la/lo conosco,Non li/la/lo conosco,Non li/la/lo conosco,Non li/la/lo conosco,Non li/la/lo conosco,Non li/la/lo conosco,Non li/la/lo conosco,Non li/la/lo conosco,Forse li/la/lo conosco,Non li/la/lo conosco,Non li/la/lo conosco,Non li/la/lo conosco,Non li/la/lo conosco
Non li/la/lo conosco,Li/la/lo conosco,Non li/la/lo conosco,Li/la/lo conosco,Non li/la/lo conosco,Non li/la/lo conosco,Non li/la/lo conosco,Non li/la/lo conosco,Non li/la/lo conosco,Li/la/lo conosco,Li/la/lo conosco,Non li/la/lo conosco,Non li/la/lo conosco,Li/la/lo conosco,Non li/la/lo conosco,Non li/la/lo conosco,Non li/la/lo conosco,Non li/la/lo conosco,Non li/la/lo conosco,Non li/la/lo conosco,Non li/la/lo conosco,Non li/la/lo conosco,Non li/la/lo conosco,Non li/la/lo conosco,Non li/la/lo conosco,Non li/la/lo conosco,Non li/la/lo conosco,Non li/la/lo conosco,Non li/la/lo conosco,Non li/la/lo conosco
Non li/la/lo conosco,Li/la/lo conosco,Non li/la/lo conosco,Li/la/lo conosco,Li/la/lo conosco,Non li/la/lo conosco,Non li/la/lo conosco,Li/la/lo conosco,Non li/la/lo conosco,Li/la/lo conosco,Li/la/lo conosco,Non li/la/lo conosco,Non li/la/lo conosco,Li/la/lo conosco,Non li/la/lo conosco,Non li/la/lo conosco,Li/la/lo conosco,Non li/la/lo conosco,Non li/la/lo conosco,Li/la/lo conosco,Non li/la/lo conosco,Non li/la/lo conosco,Forse li/la/lo conosco,Forse li/la/lo conosco,Non li/la/lo conosco,Li/la/lo conosco,Forse li/la/lo conosco,Non li/la/lo conosco,Non li/la/lo conosco,Li/la/lo conosco
Li/la/lo conosco,Li/la/lo conosco,Li/la/lo conosco,Li/la/lo conosco,Li/la/lo conosco,Li/la/lo conosco,Li/la/lo conosco,Non li/la/lo conosco,Li/la/lo conosco,Li/la/lo conosco,Li/la/lo conosco,Li/la/lo conosco,Non li/la/lo conosco,Forse li/la/lo conosco,Li/la/lo conosco,Non li/la/lo conosco,Non li/la/lo conosco,Non li/la/lo conosco,Li/la/lo conosco,Non li/la/lo conosco,Non li/la/lo conosco,Non li/la/lo conosco,Non li/la/lo conosco,Non li/la/lo conosco,Non li/la/lo conosco,Non li/la/lo conosco,Non li/la/lo conosco,Non li/la/lo conosco,Non li/la/lo conosco,Non li/la/lo conosco
Li/la/lo conosco,Li/la/lo conosco,Forse li/la/lo conosco,Li/la/lo conosco,Forse li/la/lo conosco,Li/la/lo conosco,Non li/la/lo conosco,Non li/la/lo conosco,Li/la/lo conosco,Li/la/lo conosco,Li/la/lo conosco,Li/la/lo conosco,Forse li/la/lo conosco,Li/la/lo conosco,Li/la/lo conosco,Non li/la/lo conosco,Non li/la/lo conosco,Non li/la/lo conosco,Non li/la/lo conosco,Non li/la/lo conosco,Forse li/la/lo conosco,Non li/la/lo conosco,Forse li/la/lo conosco,Non li/la/lo conosco,Non li/la/lo conosco,Forse li/la/lo conosco,Non li/la/lo conosco,Non li/la/lo conosco,Non li/la/lo conosco,Non li/la/lo conosco
